id,title,score,num_comments,author,created_utc,url,upvote_ratio,over_18,edited,spoiler,stickied
1izrdrn,Non-Technical Books Every Data Engineer Should Read And Why,131,66,Xavio_M,2025-02-27 21:44:26,https://www.reddit.com/r/dataengineering/comments/1izrdrn/nontechnical_books_every_data_engineer_should/,0.93,False,False,False,False
1izj152,Fabric’s Double Dip Compute for the Same One Lake Storage Layer is a Step Backwards,112,20,Low_Second9833,2025-02-27 15:56:56,https://www.linkedin.com/posts/sanpawar_microsoftfabric-activity-7300563659217321986-CgPC,0.97,False,False,False,False
1j01qjc,Is Kimball Dimensional Modeling Dead or Alive?,57,27,Exact_Line,2025-02-28 06:50:39,https://www.reddit.com/r/dataengineering/comments/1j01qjc/is_kimball_dimensional_modeling_dead_or_alive/,0.95,False,False,False,False
1izf1mw,Is there any “lightweight” Python libraries that function like Spark Structured Streaming?,38,19,No-Satisfaction1395,2025-02-27 12:53:40,https://www.reddit.com/r/dataengineering/comments/1izf1mw/is_there_any_lightweight_python_libraries_that/,0.98,False,False,False,False
1iziyyr,End-to-End Data Project About Collecting And Summarizing Football Data in GCP,29,15,Immediate-Reward-287,2025-02-27 15:54:28,https://www.reddit.com/r/dataengineering/comments/1iziyyr/endtoend_data_project_about_collecting_and/,0.96,False,True,False,False
1izl8e3,Stop Using dropDuplicates()! Here’s the Right Way to Remove Duplicates in PySpark,18,16,floating-bubble,2025-02-27 17:26:49,https://www.reddit.com/r/dataengineering/comments/1izl8e3/stop_using_dropduplicates_heres_the_right_way_to/,0.67,False,False,False,False
1izh4kg,Why Apache Doris is a Better Alternative to Elasticsearch for Real-Time Analytics,15,6,Any_Opportunity1234,2025-02-27 14:33:29,https://medium.com/@kxiao.tiger/apache-doris-vs-elasticsearch-6f7c8232e012,0.74,False,False,False,False
1izflww,Getting a Job,14,13,Alternative_Big_4697,2025-02-27 13:21:04,https://www.reddit.com/r/dataengineering/comments/1izflww/getting_a_job/,0.77,False,False,False,False
1izpgom,Fantasy Football Data Modeling Challenge: Results and Insights,13,2,JParkerRogers,2025-02-27 20:22:17,https://www.reddit.com/r/dataengineering/comments/1izpgom/fantasy_football_data_modeling_challenge_results/,0.94,False,False,False,False
1j01zi7,DeepSeek uses DuckDB for data processing,9,1,TechnicalAccess8292,2025-02-28 07:07:50,https://www.reddit.com/r/dataengineering/comments/1j01zi7/deepseek_uses_duckdb_for_data_processing/,0.92,False,False,False,False
1izmmy1,What transferable skills can I use in other careers?,9,2,Miscellaneouscritter,2025-02-27 18:24:47,https://www.reddit.com/r/dataengineering/comments/1izmmy1/what_transferable_skills_can_i_use_in_other/,0.91,False,False,False,False
1izptu3,Should I accept this role?,5,22,biradar99,2025-02-27 20:37:43,https://www.reddit.com/r/dataengineering/comments/1izptu3/should_i_accept_this_role/,0.65,False,False,False,False
1j004kp,Data generation to structure a discrete event simulation model,5,0,Admirable-Whereas168,2025-02-28 05:06:43,https://www.reddit.com/r/dataengineering/comments/1j004kp/data_generation_to_structure_a_discrete_event/,1.0,False,False,False,False
1izyryo,"Experiences with LLMs for data engineering pipelines, orchestrators, etc",2,1,thecity2,2025-02-28 03:48:38,https://www.reddit.com/r/dataengineering/comments/1izyryo/experiences_with_llms_for_data_engineering/,0.67,False,False,False,False
1izptsy,How useful is palantir foundry for fresher who is aspiring to be data scientist/ ML engineer,4,2,BillionaireTitan,2025-02-27 20:37:41,https://www.reddit.com/r/dataengineering/comments/1izptsy/how_useful_is_palantir_foundry_for_fresher_who_is/,0.75,False,False,False,False
1iznqlw,SQL or Elasticsearch Dialect conversion,5,0,frazered,2025-02-27 19:09:25,https://www.reddit.com/r/dataengineering/comments/1iznqlw/sql_or_elasticsearch_dialect_conversion/,0.78,False,False,False,False
1izn5gs,Fast Distributed Iceberg Writes and Queries with Apache Arrow IPC,3,0,Ill_Force756,2025-02-27 18:45:40,https://www.hackintoshrao.com/fast-distributed-iceberg-writes-and-queries-with-apache-arrow-ipc/,0.81,False,False,False,False
1izki66,business vs tech career path,2,2,madeofconstellations,2025-02-27 16:57:23,https://www.reddit.com/r/dataengineering/comments/1izki66/business_vs_tech_career_path/,0.63,False,False,False,False
1izhc6v,Google Cloud Free of Charge Programs,3,1,LinasData,2025-02-27 14:43:33,https://www.reddit.com/r/dataengineering/comments/1izhc6v/google_cloud_free_of_charge_programs/,0.64,False,False,False,False
1ize22y,I am having a tough time with data profiling at my company.,3,2,Mountain_Dirt4318,2025-02-27 11:57:02,https://www.reddit.com/r/dataengineering/comments/1ize22y/i_am_having_a_tough_time_with_data_profiling_at/,0.72,False,False,False,False
1izckx9,"[Discussion] What Must fresh DEs not coming from IT or a SW(E) background know about using Linux/terminal, or core CS principles, in general?",4,4,Mysterious_Two_810,2025-02-27 10:17:32,https://www.reddit.com/r/dataengineering/comments/1izckx9/discussion_what_must_fresh_des_not_coming_from_it/,0.62,False,False,False,False
1izvfdz,Data dilemma with historical sales data,2,5,Dear_Comb_3645,2025-02-28 00:51:17,https://www.reddit.com/r/dataengineering/comments/1izvfdz/data_dilemma_with_historical_sales_data/,0.76,False,True,False,False
1izuooi,Ideas / suggestion on technical topics to write ?,2,2,floating-bubble,2025-02-28 00:14:54,https://www.reddit.com/r/dataengineering/comments/1izuooi/ideas_suggestion_on_technical_topics_to_write/,0.76,False,False,False,False
1izouv1,Airflow keeps running tasks,2,2,GreatGarbage1647,2025-02-27 19:56:52,https://www.reddit.com/r/dataengineering/comments/1izouv1/airflow_keeps_running_tasks/,0.67,False,False,False,False
1izjv3u,Fact table modeling,2,9,Empty-Resource-941,2025-02-27 16:30:57,https://www.reddit.com/r/dataengineering/comments/1izjv3u/fact_table_modeling/,0.67,False,False,False,False
1izjb72,Should I focus on certs or projects if I am trying to break into data engineering career,1,3,akn416,2025-02-27 16:08:15,https://www.reddit.com/r/dataengineering/comments/1izjb72/should_i_focus_on_certs_or_projects_if_i_am/,0.57,False,False,False,False
1iziyq8,Recommended books/list of Q&A for drilling DE knowledge,2,1,Defiant-Air6721,2025-02-27 15:54:13,https://www.reddit.com/r/dataengineering/comments/1iziyq8/recommended_bookslist_of_qa_for_drilling_de/,0.76,False,False,False,False
1izgew4,How to View Spark Lineage in Atlas 2.4 Without SAC (Spark 3.4)?,2,0,Illustrious_Fix_4785,2025-02-27 13:59:35,https://www.reddit.com/r/dataengineering/comments/1izgew4/how_to_view_spark_lineage_in_atlas_24_without_sac/,0.75,False,False,False,False
1izubcp,Optimizing Laboratory Instrumentation Data: Acquisition & Storage (SDMS vs Data Lakes/Warehouses/SQL Server),1,0,Jazzlike-Musician249,2025-02-27 23:57:19,https://www.reddit.com/r/dataengineering/comments/1izubcp/optimizing_laboratory_instrumentation_data/,0.6,False,False,False,False
1izu40a,Snowflake Core Recertification - Worth It?,1,0,studentofarkad,2025-02-27 23:47:31,https://www.reddit.com/r/dataengineering/comments/1izu40a/snowflake_core_recertification_worth_it/,0.6,False,False,False,False
1izo73q,Best solution for SQL Server to be used for Analytics/ETL work,1,1,CasualTyguy,2025-02-27 19:28:39,https://www.reddit.com/r/dataengineering/comments/1izo73q/best_solution_for_sql_server_to_be_used_for/,0.57,False,False,False,False
1iznpce,Sagemaker Code Editor,1,0,hurricane_swirls,2025-02-27 19:08:00,https://www.reddit.com/r/dataengineering/comments/1iznpce/sagemaker_code_editor/,0.6,False,False,False,False
1izjaxd,Applied to DE new grad at amazon — any similar roles for new grads you guys know?,0,0,chiller2311,2025-02-27 16:07:55,https://www.reddit.com/r/dataengineering/comments/1izjaxd/applied_to_de_new_grad_at_amazon_any_similar/,0.5,False,False,False,False
1iziyqk,SWE picked up when will data?,0,1,NefariousnessSea5101,2025-02-27 15:54:13,https://www.reddit.com/r/dataengineering/comments/1iziyqk/swe_picked_up_when_will_data/,0.5,False,False,False,False
1izd3px,What is this join?? Please help!,0,26,Admirable-Seaweed-14,2025-02-27 10:54:14,https://i.redd.it/us1qljqzwnle1.png,0.49,False,False,False,False
1iznkg0,AI agents are everywhere. What does it mean to a data engineer?,0,1,vino_and_data,2025-02-27 19:02:28,https://www.reddit.com/r/dataengineering/comments/1iznkg0/ai_agents_are_everywhere_what_does_it_mean_to_a/,0.33,False,False,False,False
1izt0s2,What’s a reasonably acceptable way to reset passwords for approx 1000 users?,0,11,Trick-Interaction396,2025-02-27 22:56:48,https://www.reddit.com/r/dataengineering/comments/1izt0s2/whats_a_reasonably_acceptable_way_to_reset/,0.22,False,False,False,False
1izuv3t,How to Land a Data Engineering Job in 3 Months,0,1,floating-bubble,2025-02-28 00:23:40,https://www.reddit.com/r/dataengineering/comments/1izuv3t/how_to_land_a_data_engineering_job_in_3_months/,0.2,False,False,False,False
